﻿Country Name,Country Code,Series Name,Series Code,2000 [YR2000],2001 [YR2001],2002 [YR2002],2003 [YR2003],2004 [YR2004],2005 [YR2005],2006 [YR2006],2007 [YR2007],2008 [YR2008],2009 [YR2009],2010 [YR2010],2011 [YR2011],2012 [YR2012],2013 [YR2013],2014 [YR2014],2015 [YR2015],2016 [YR2016],2017 [YR2017],2018 [YR2018],2019 [YR2019],2020 [YR2020]
Lebanon,LBN,Gini index (World Bank estimate),SI.POV.GINI,..,..,..,..,..,..,..,..,..,..,..,31.8,..,..,..,..,..,..,..,..,..
Lebanon,LBN,Median daily per capita income or consumption expenditure (2011 PPP),SI.POV.XPND.MD,..,..,..,..,..,..,..,..,..,..,..,..,..,..,..,..,..,..,..,..,..
Lebanon,LBN,"Multidimensional poverty, Electricity (% of population deprived)",SI.POV.ELEC.MI,..,..,..,..,..,..,..,..,..,..,..,0.9,..,..,..,..,..,..,..,..,..
Lebanon,LBN,"Multidimensional poverty, Educational enrollment (% of population deprived)",SI.POV.ENRL.MI,..,..,..,..,..,..,..,..,..,..,..,2.3,..,..,..,..,..,..,..,..,..
Lebanon,LBN,"Multidimensional poverty, Educational attainment (% of population deprived)",SI.POV.ATTM.MI,..,..,..,..,..,..,..,..,..,..,..,9.2,..,..,..,..,..,..,..,..,..
Lebanon,LBN,"Multidimensional poverty, Drinking water (% of population deprived)",SI.POV.WATR.MI,..,..,..,..,..,..,..,..,..,..,..,0.9,..,..,..,..,..,..,..,..,..
Lebanon,LBN,Poverty gap at national poverty lines (%),SI.POV.NAGP,..,..,..,..,..,..,..,..,..,..,..,..,..,..,..,..,..,..,..,..,..
,,,,,,,,,,,,,,,,,,,,,,,,
,,,,,,,,,,,,,,,,,,,,,,,,
,,,,,,,,,,,,,,,,,,,,,,,,
Data from database: Poverty and Equity,,,,,,,,,,,,,,,,,,,,,,,,
Last Updated: 10/05/2021,,,,,,,,,,,,,,,,,,,,,,,,
