﻿Code,License Type,Indicator Name,Long definition,Source,Topic,Unit of measure,Periodicity,Statistical concept and methodology,Development relevance,Limitations and exceptions,General comments,Related source links
SI.POV.GINI,CC BY-4.0,Gini index (World Bank estimate),"Gini index measures the extent to which the distribution of income (or, in some cases, consumption expenditure) among individuals or households within an economy deviates from a perfectly equal distribution. A Lorenz curve plots the cumulative percentages of total income received against the cumulative number of recipients, starting with the poorest individual or household. The Gini index measures the area between the Lorenz curve and a hypothetical line of absolute equality, expressed as a percentage of the maximum area under the line. Thus a Gini index of 0 represents perfect equality, while an index of 100 implies perfect inequality.","World Bank, Development Research Group. Data are based on primary household survey data obtained from government statistical agencies and World Bank country departments. For more information and methodology, please see PovcalNet (http://iresearch.worldbank.org/PovcalNet/index.htm).",Poverty: Income distribution,%,Annual,"The Gini index measures the area between the Lorenz curve and a hypothetical line of absolute equality, expressed as a percentage of the maximum area under the line. A Lorenz curve plots the cumulative percentages of total income received against the cumulative number of recipients, starting with the poorest individual. Thus a Gini index of 0 represents perfect equality, while an index of 100 implies perfect inequality.

The Gini index provides a convenient summary measure of the degree of inequality. Data on the distribution of income or consumption come from nationally representative household surveys. Where the original data from the household survey were available, they have been used to calculate the income or consumption shares by quintile. Otherwise, shares have been estimated from the best available grouped data.

The distribution data have been adjusted for household size, providing a more consistent measure of per capita income or consumption. No adjustment has been made for spatial differences in cost of living within countries, because the data needed for such calculations are generally unavailable. For further details on the estimation method for low- and middle-income economies, see Ravallion and Chen (1996).

Survey year is the year in which the underlying household survey data were collected or, when the data collection period bridged two calendar years, the year in which most of the data were collected.",,"Gini coefficients are not unique. It is possible for two different Lorenz curves to give rise to the same Gini coefficient. Furthermore it is possible for the Gini coefficient of a developing country to rise (due to increasing inequality of income) while the number of people in absolute poverty decreases. This is because the Gini coefficient measures relative, not absolute, wealth.

Another limitation of the Gini coefficient is that it is not additive across groups, i.e. the total Gini of a society is not equal to the sum of the Gini's for its sub-groups. Thus, country-level Gini coefficients cannot be aggregated into regional or global Gini's, although a Gini coefficient can be computed for the aggregate.

Because the underlying household surveys differ in methods and types of welfare measures collected, data are not strictly comparable across countries or even across years within a country. Two sources of non-comparability should be noted for distributions of income in particular. First, the surveys can differ in many respects, including whether they use income or consumption expenditure as the living standard indicator. The distribution of income is typically more unequal than the distribution of consumption. In addition, the definitions of income used differ more often among surveys. Consumption is usually a much better welfare indicator, particularly in developing countries. Second, households differ in size (number of members) and in the extent of income sharing among members. And individuals differ in age and consumption needs. Differences among countries in these respects may bias comparisons of distribution. 

World Bank staff have made an effort to ensure that the data are as comparable as possible. Wherever possible, consumption has been used rather than income. Income distribution and Gini indexes for high-income economies are calculated directly from the Luxembourg Income Study database, using an estimation method consistent with that applied for developing countries.","The World Bank’s internationally comparable poverty monitoring database now draws on income or detailed consumption data from more than one thousand six hundred household surveys across 164 countries in six regions and 25 other high income countries (industrialized economies). While income distribution data are published for all countries with data available, poverty data are published for low- and middle-income countries and countries eligible to receive loans from the World Bank (such as Chile) and recently graduated countries (such as Estonia) only. See PovcalNet (http://iresearch.worldbank.org/PovcalNet/WhatIsNew.aspx) for definitions of geographical regions and industrialized countries.",
SI.POV.XPND.MD,CC BY-4.0,Median daily per capita income or consumption expenditure (2011 PPP),"Median daily per capita income or consumption expenditure (2011 PPP) is computed as the median of per capita household income or consumption from household surveys. The median is the 50th percentile of per capita household income/consumption distributions, which implies that half the population are above the median and half are below it.","World Bank, Global Database of Shared Prosperity (GDSP) circa 2011-2016 (http://www.worldbank.org/en/topic/poverty/brief/global-database-of-shared-prosperity).",Poverty: Shared prosperity,2011 PPP $,Annual,,,,,"World Bank, PovcalNet: an online poverty analysis tool, http://iresearch.worldbank.org/PovcalNet/index.htm"
SI.POV.ELEC.MI,CC BY-4.0,"Multidimensional poverty, Electricity (% of population deprived)","Multidimensional poverty, electricity (% of population deprived) is percentage of population deprived of electricity. A household is deprived if it does not have access to electricity.",World Bank using Global Monitoring Database (GMD),Poverty: Poverty rates,%,Annual,"In addition to a measure based on economic resources, multidimensional poverty measure incorporates a core set of indicators for nonmonetary dimensions and presents results on the extent to which these deprivations arise and overlap. Furthermore, it presents summary measures that combine the information into a single index, the multidimensional poverty headcount ratio. Broadening the poverty measure to incorporate additional directly measured components involves two steps. First, one must select the dimensions, the indicators, and the respective sufficiency thresholds for each indicator. The world bank multidimensional poverty measure includes three dimensions, including consumption, represented by six indicators. The indicators cover the dimensions of monetary poverty, education (school enrollment (among children and youth of school age) or educational attainment (among adults)), and access to basic infrastructure (Access to electricity and a certain standard of drinking water and sanitation). Second, the information on each dimension is then aggregated into one index. Summary indexes can be applied to generate rankings across population groups and countries, while acknowledging the multiplicity of deprivations.","Income (or consumption expenditures valued at prevailing market prices) is hugely important for human well-being. Indeed, income and consumption are the workhorse metrics of individual welfare in economic analysis. Yet monetary-based measures do not encompass all aspects of human well-being. One reason for this is that not all goods and services that matter to people are obtained exclusively through markets. Consequently, the prices necessary to cost these goods and services either do not exist or do not accurately reflect their true consumption value. Multidimensional poverty measurement measures important aspects of well-being not captured by standard monetary measures.","Despite progress in the last decade, the challenges of measuring poverty remain. The timeliness, frequency, quality, and comparability of household surveys need to increase substantially, particularly in the poorest countries. The availability and quality of poverty monitoring data remains low in small states, countries with fragile situations, and low-income countries and even some middle-income countries. The low frequency and lack of comparability of the data available in some countries create uncertainty over the magnitude of poverty reduction. Besides the frequency and timeliness of survey data, other data quality issues arise in measuring household living standards. The surveys ask detailed questions on sources of income and how it was spent, which must be carefully recorded by trained personnel. Income is generally more difficult to measure accurately, and consumption comes closer to the notion of living standards. And income can vary over time even if living standards do not. But consumption data are not always available: the latest estimates reported here use consumption data for about two-thirds of countries. However, even similar surveys may not be strictly comparable because of differences in timing or in the quality and training of enumerators. Comparisons of countries at different levels of development also pose a potential problem because of differences in the relative importance of the consumption of nonmarket goods. The local market value of all consumption in kind (including own production, particularly important in underdeveloped rural economies) should be included in total consumption expenditure but may not be. Most survey data now include valuations for consumption or income from own production, but valuation methods vary. For many of the dimensions considered in Multidimensional poverty measurement, relevant information on the important aspect of service quality is sometimes available in specialized surveys, but not in standard household surveys that also record other data on well-being.",,
SI.POV.ENRL.MI,CC BY-4.0,"Multidimensional poverty, Educational enrollment (% of population deprived)","Multidimensional poverty, educational enrollment (% of population deprived) is percentage of population deprived of school enrollment. A household is deprived if at least one child (grade 8 equivalent age or below) is not enrolled in school.",World Bank using Global Monitoring Database (GMD),Poverty: Poverty rates,%,Annual,"In addition to a measure based on economic resources, multidimensional poverty measure incorporates a core set of indicators for nonmonetary dimensions and presents results on the extent to which these deprivations arise and overlap. Furthermore, it presents summary measures that combine the information into a single index, the multidimensional poverty headcount ratio. Broadening the poverty measure to incorporate additional directly measured components involves two steps. First, one must select the dimensions, the indicators, and the respective sufficiency thresholds for each indicator. The world bank multidimensional poverty measure includes three dimensions, including consumption, represented by six indicators. The indicators cover the dimensions of monetary poverty, education (school enrollment (among children and youth of school age) or educational attainment (among adults)), and access to basic infrastructure (Access to electricity and a certain standard of drinking water and sanitation). Second, the information on each dimension is then aggregated into one index. Summary indexes can be applied to generate rankings across population groups and countries, while acknowledging the multiplicity of deprivations.","Income (or consumption expenditures valued at prevailing market prices) is hugely important for human well-being. Indeed, income and consumption are the workhorse metrics of individual welfare in economic analysis. Yet monetary-based measures do not encompass all aspects of human well-being. One reason for this is that not all goods and services that matter to people are obtained exclusively through markets. Consequently, the prices necessary to cost these goods and services either do not exist or do not accurately reflect their true consumption value. Multidimensional poverty measurement measures important aspects of well-being not captured by standard monetary measures.","Despite progress in the last decade, the challenges of measuring poverty remain. The timeliness, frequency, quality, and comparability of household surveys need to increase substantially, particularly in the poorest countries. The availability and quality of poverty monitoring data remains low in small states, countries with fragile situations, and low-income countries and even some middle-income countries. The low frequency and lack of comparability of the data available in some countries create uncertainty over the magnitude of poverty reduction. Besides the frequency and timeliness of survey data, other data quality issues arise in measuring household living standards. The surveys ask detailed questions on sources of income and how it was spent, which must be carefully recorded by trained personnel. Income is generally more difficult to measure accurately, and consumption comes closer to the notion of living standards. And income can vary over time even if living standards do not. But consumption data are not always available: the latest estimates reported here use consumption data for about two-thirds of countries. However, even similar surveys may not be strictly comparable because of differences in timing or in the quality and training of enumerators. Comparisons of countries at different levels of development also pose a potential problem because of differences in the relative importance of the consumption of nonmarket goods. The local market value of all consumption in kind (including own production, particularly important in underdeveloped rural economies) should be included in total consumption expenditure but may not be. Most survey data now include valuations for consumption or income from own production, but valuation methods vary. For many of the dimensions considered in Multidimensional poverty measurement, relevant information on the important aspect of service quality is sometimes available in specialized surveys, but not in standard household surveys that also record other data on well-being.",,
SI.POV.ATTM.MI,CC BY-4.0,"Multidimensional poverty, Educational attainment (% of population deprived)","Multidimensional poverty, educational attainment (% of population deprived) is percentage of population deprived of primary educational attainment. A household is deprived if no adult (grade 9 equivalent age or above) has completed primary education.",World Bank using Global Monitoring Database (GMD),Poverty: Poverty rates,%,Annual,"In addition to a measure based on economic resources, multidimensional poverty measure incorporates a core set of indicators for nonmonetary dimensions and presents results on the extent to which these deprivations arise and overlap. Furthermore, it presents summary measures that combine the information into a single index, the multidimensional poverty headcount ratio. Broadening the poverty measure to incorporate additional directly measured components involves two steps. First, one must select the dimensions, the indicators, and the respective sufficiency thresholds for each indicator. The world bank multidimensional poverty measure includes three dimensions, including consumption, represented by six indicators. The indicators cover the dimensions of monetary poverty, education (school enrollment (among children and youth of school age) or educational attainment (among adults)), and access to basic infrastructure (Access to electricity and a certain standard of drinking water and sanitation). Second, the information on each dimension is then aggregated into one index. Summary indexes can be applied to generate rankings across population groups and countries, while acknowledging the multiplicity of deprivations.","Income (or consumption expenditures valued at prevailing market prices) is hugely important for human well-being. Indeed, income and consumption are the workhorse metrics of individual welfare in economic analysis. Yet monetary-based measures do not encompass all aspects of human well-being. One reason for this is that not all goods and services that matter to people are obtained exclusively through markets. Consequently, the prices necessary to cost these goods and services either do not exist or do not accurately reflect their true consumption value. Multidimensional poverty measurement measures important aspects of well-being not captured by standard monetary measures.","Despite progress in the last decade, the challenges of measuring poverty remain. The timeliness, frequency, quality, and comparability of household surveys need to increase substantially, particularly in the poorest countries. The availability and quality of poverty monitoring data remains low in small states, countries with fragile situations, and low-income countries and even some middle-income countries. The low frequency and lack of comparability of the data available in some countries create uncertainty over the magnitude of poverty reduction. Besides the frequency and timeliness of survey data, other data quality issues arise in measuring household living standards. The surveys ask detailed questions on sources of income and how it was spent, which must be carefully recorded by trained personnel. Income is generally more difficult to measure accurately, and consumption comes closer to the notion of living standards. And income can vary over time even if living standards do not. But consumption data are not always available: the latest estimates reported here use consumption data for about two-thirds of countries. However, even similar surveys may not be strictly comparable because of differences in timing or in the quality and training of enumerators. Comparisons of countries at different levels of development also pose a potential problem because of differences in the relative importance of the consumption of nonmarket goods. The local market value of all consumption in kind (including own production, particularly important in underdeveloped rural economies) should be included in total consumption expenditure but may not be. Most survey data now include valuations for consumption or income from own production, but valuation methods vary. For many of the dimensions considered in Multidimensional poverty measurement, relevant information on the important aspect of service quality is sometimes available in specialized surveys, but not in standard household surveys that also record other data on well-being.",,
SI.POV.WATR.MI,CC BY-4.0,"Multidimensional poverty, Drinking water (% of population deprived)","Multidimensional poverty, drinking water (% of population deprived) is percentage of population deprived of drinking water. A household is deprived if it does not have access to even a limited standard of drinking water.",World Bank using Global Monitoring Database (GMD),Poverty: Poverty rates,%,Annual,"In addition to a measure based on economic resources, multidimensional poverty measure incorporates a core set of indicators for nonmonetary dimensions and presents results on the extent to which these deprivations arise and overlap. Furthermore, it presents summary measures that combine the information into a single index, the multidimensional poverty headcount ratio. Broadening the poverty measure to incorporate additional directly measured components involves two steps. First, one must select the dimensions, the indicators, and the respective sufficiency thresholds for each indicator. The world bank multidimensional poverty measure includes three dimensions, including consumption, represented by six indicators. The indicators cover the dimensions of monetary poverty, education (school enrollment (among children and youth of school age) or educational attainment (among adults)), and access to basic infrastructure (Access to electricity and a certain standard of drinking water and sanitation). Second, the information on each dimension is then aggregated into one index. Summary indexes can be applied to generate rankings across population groups and countries, while acknowledging the multiplicity of deprivations.","Income (or consumption expenditures valued at prevailing market prices) is hugely important for human well-being. Indeed, income and consumption are the workhorse metrics of individual welfare in economic analysis. Yet monetary-based measures do not encompass all aspects of human well-being. One reason for this is that not all goods and services that matter to people are obtained exclusively through markets. Consequently, the prices necessary to cost these goods and services either do not exist or do not accurately reflect their true consumption value. Multidimensional poverty measurement measures important aspects of well-being not captured by standard monetary measures.","Despite progress in the last decade, the challenges of measuring poverty remain. The timeliness, frequency, quality, and comparability of household surveys need to increase substantially, particularly in the poorest countries. The availability and quality of poverty monitoring data remains low in small states, countries with fragile situations, and low-income countries and even some middle-income countries. The low frequency and lack of comparability of the data available in some countries create uncertainty over the magnitude of poverty reduction. Besides the frequency and timeliness of survey data, other data quality issues arise in measuring household living standards. The surveys ask detailed questions on sources of income and how it was spent, which must be carefully recorded by trained personnel. Income is generally more difficult to measure accurately, and consumption comes closer to the notion of living standards. And income can vary over time even if living standards do not. But consumption data are not always available: the latest estimates reported here use consumption data for about two-thirds of countries. However, even similar surveys may not be strictly comparable because of differences in timing or in the quality and training of enumerators. Comparisons of countries at different levels of development also pose a potential problem because of differences in the relative importance of the consumption of nonmarket goods. The local market value of all consumption in kind (including own production, particularly important in underdeveloped rural economies) should be included in total consumption expenditure but may not be. Most survey data now include valuations for consumption or income from own production, but valuation methods vary. For many of the dimensions considered in Multidimensional poverty measurement, relevant information on the important aspect of service quality is sometimes available in specialized surveys, but not in standard household surveys that also record other data on well-being.",,
SI.POV.NAGP,CC BY-4.0,Poverty gap at national poverty lines (%),Poverty gap at national poverty lines is the mean shortfall from the poverty lines (counting the nonpoor as having zero shortfall) as a percentage of the poverty lines. This measure reflects the depth of poverty as well as its incidence.,"World Bank, Global Poverty Working Group. Data are compiled from official government sources or are computed by World Bank staff using national (i.e. country–specific) poverty lines.",Poverty: Poverty rates,,Annual,"Poverty headcount ratio among the population is measured based on national (i.e. country-specific) poverty lines. A country may have a unique national poverty line or separate poverty lines for rural and urban areas, or for different geographic areas to reflect differences in the cost of living or sometimes to reflect differences in diets and consumption baskets.

Poverty estimates at national poverty lines are computed from household survey data collected from nationally representative samples of households. These data must contain sufficiently detailed information to compute a comprehensive estimate of total household income or consumption (including consumption or income from own production), from which it is possible to construct a correctly weighted distribution of per capita consumption or income.

National poverty lines are the benchmark for estimating poverty indicators that are consistent with the country's specific economic and social circumstances. National poverty lines reflect local perceptions of the level and composition of consumption or income needed to be non-poor. The perceived boundary between poor and non-poor typically rises with the average income of a country and thus does not provide a uniform measure for comparing poverty rates across countries. While poverty rates at national poverty lines should not be used for comparing poverty rates across countries, they are appropriate for guiding and monitoring the results of country-specific national poverty reduction strategies.

Almost all national poverty lines are anchored to the cost of a food bundle - based on the prevailing national diet of the poor - that provides adequate nutrition for good health and normal activity, plus an allowance for nonfood spending. National poverty lines must be adjusted for inflation between survey years to remain constant in real terms and thus allow for meaningful comparisons of poverty over time. Because diets and consumption baskets change over time, countries periodically recalculate the poverty line based on new survey data. In such cases the new poverty lines should be deflated to obtain comparable poverty estimates from earlier years. The data is based on the two most recent years for which survey data are available.

Survey year is the year in which the underlying household survey data were collected or, when the data collection period bridged two calendar years, the year in which most of the data were collected.",,,"This series only includes estimates that to the best of our knowledge are reasonably comparable over time for a country. Due to differences in estimation methodologies and poverty lines, estimates should not be compared across countries.",
